{
  "Avenida Paulista, Sao Paulo, Brazil": {
    "lat": -23.5560945,
    "lon": -46.6622655,
    "display_name": "Avenida Paulista, Consolação, São Paulo, Região Imediata de São Paulo, Região Metropolitana de São Paulo, Região Geográfica Intermediária de São Paulo, São Paulo, 01310-300, Brasil"
  },
  "Itaim Bibi, Sao Paulo, Brazil": {
    "lat": -23.5843807,
    "lon": -46.6784441,
    "display_name": "Itaim Bibi, São Paulo, Região Imediata de São Paulo, Região Metropolitana de São Paulo, Região Geográfica Intermediária de São Paulo, São Paulo, Brasil"
  },
  "Pinheiros, Sao Paulo, Brazil": {
    "lat": -23.5672842,
    "lon": -46.701939,
    "display_name": "Pinheiros, 145, Rua Capri, Pinheiros, São Paulo, Região Imediata de São Paulo, Região Metropolitana de São Paulo, Região Geográfica Intermediária de São Paulo, São Paulo, 05425-030, Brasil"
  },
  "Praca da Se, Sao Paulo, Brazil": {
    "lat": -23.5503898,
    "lon": -46.633081,
    "display_name": "Praça da Sé, Glicério, Sé, São Paulo, Região Imediata de São Paulo, Região Metropolitana de São Paulo, Região Geográfica Intermediária de São Paulo, São Paulo, 01001-000, Brasil"
  },
  "Cemiterio da Consolacao, Sao Paulo, Brazil": {
    "lat": -23.550599,
    "lon": -46.6572312,
    "display_name": "Cemitério da Consolação, 1600, Consolação, São Paulo, Região Imediata de São Paulo, Região Metropolitana de São Paulo, Região Geográfica Intermediária de São Paulo, São Paulo, 01301-100, Brasil"
  },
  "Mooca, Sao Paulo, Brazil": {
    "lat": -23.5606808,
    "lon": -46.5971924,
    "display_name": "Mooca, São Paulo, Região Imediata de São Paulo, Região Metropolitana de São Paulo, Região Geográfica Intermediária de São Paulo, São Paulo, Brasil"
  },
  "Terminal Rodoviario Barra Funda, Sao Paulo, Brazil": {
    "lat": -23.5248959,
    "lon": -46.6674133,
    "display_name": "Terminal Rodoviário Barra Funda, Rua Jornalista Aloysio Biondi, Barra Funda, São Paulo, Região Imediata de São Paulo, Região Metropolitana de São Paulo, Região Geográfica Intermediária de São Paulo, São Paulo, 01140-070, Brasil"
  },
  "Bairro da Liberdade, Sao Paulo, Brazil": {
    "lat": -23.2527457,
    "lon": -47.3033338,
    "display_name": "Bairro da Liberdade, Itu, Região Imediata de Sorocaba, Região Metropolitana de Sorocaba, Região Geográfica Intermediária de Sorocaba, São Paulo, Brasil"
  },
  "Parelheiros, Sao Paulo, Brazil": {
    "lat": -23.827312,
    "lon": -46.7277941,
    "display_name": "Parelheiros, Vila Roschel, São Paulo, Região Imediata de São Paulo, Região Metropolitana de São Paulo, Região Geográfica Intermediária de São Paulo, São Paulo, Brasil"
  },
  "Rodoanel Mario Covas, Sao Paulo, Brazil": {
    "lat": -23.4137019,
    "lon": -46.5437006,
    "display_name": "Rodoanel Mário Covas, Parque Continental III, Cabuçu, Distrito-sede de Guarulhos, Guarulhos, Região Imediata de São Paulo, Região Metropolitana de São Paulo, Região Geográfica Intermediária de São Paulo, São Paulo, Região Sudeste, 07075-245, Brasil"
  },
  "MASP, Sao Paulo, Brazil": {
    "lat": -23.5614961,
    "lon": -46.6559677,
    "display_name": "Museu de Arte de São Paulo, 1578, Avenida Paulista, Cerqueira César, Bela Vista, São Paulo, Região Imediata de São Paulo, Região Metropolitana de São Paulo, Região Geográfica Intermediária de São Paulo, São Paulo, 01310-200, Brasil"
  },
  "Japan House Sao Paulo, Brazil": {
    "lat": -23.5707253,
    "lon": -46.6445287,
    "display_name": "Japan House, 52, Avenida Paulista, Morro dos Ingleses, Bela Vista, São Paulo, Região Imediata de São Paulo, Região Metropolitana de São Paulo, Região Geográfica Intermediária de São Paulo, São Paulo, 01310-000, Brasil"
  },
  "Beco do Batman, Sao Paulo, Brazil": {
    "lat": -23.5568771,
    "lon": -46.6861444,
    "display_name": "Rua Medeiros de Albuquerque, Pinheiros, São Paulo, Região Imediata de São Paulo, Região Metropolitana de São Paulo, Região Geográfica Intermediária de São Paulo, São Paulo, 05436-060, Brasil"
  },
  "Estacao Republica, Sao Paulo, Brazil": {
    "lat": -23.5440945,
    "lon": -46.642665,
    "display_name": "República, Praça da República, República, São Paulo, Região Imediata de São Paulo, Região Metropolitana de São Paulo, Região Geográfica Intermediária de São Paulo, São Paulo, 01045-001, Brasil"
  },
  "Cemiterio do Araca, Sao Paulo, Brazil": {
    "lat": -23.5526948,
    "lon": -46.6707884,
    "display_name": "Cemitério do Araçá, 666, Pacaembu, Consolação, São Paulo, Região Imediata de São Paulo, Região Metropolitana de São Paulo, Região Geográfica Intermediária de São Paulo, São Paulo, Brasil"
  },
  "CEAGESP, Sao Paulo, Brazil": {
    "lat": -23.536284,
    "lon": -46.7376947,
    "display_name": "CEAGESP - Entreposto Terminal de São Paulo, 1946, Avenida Doutor Gastão Vidigal, Vila Leopoldina, São Paulo, Região Imediata de São Paulo, Região Metropolitana de São Paulo, Região Geográfica Intermediária de São Paulo, São Paulo, 06018-160, Brasil"
  },
  "Praca da Liberdade, Sao Paulo, Brazil": {
    "lat": -23.554974,
    "lon": -46.6354952,
    "display_name": "Praça da Liberdade-Japão, Glicério, Sé, São Paulo, Região Imediata de São Paulo, Região Metropolitana de São Paulo, Região Geográfica Intermediária de São Paulo, São Paulo, Brasil"
  },
  "Parque Ibirapuera, Sao Paulo, Brazil": {
    "lat": -23.5877126,
    "lon": -46.6585214,
    "display_name": "Parque Ibirapuera, Moema, São Paulo, Região Imediata de São Paulo, Região Metropolitana de São Paulo, Região Geográfica Intermediária de São Paulo, São Paulo, 04002-010, Brasil"
  },
  "Republica, Sao Paulo, Brazil": {
    "lat": -23.5453345,
    "lon": -46.6422571,
    "display_name": "República, São Paulo, Região Imediata de São Paulo, Região Metropolitana de São Paulo, Região Geográfica Intermediária de São Paulo, São Paulo, Brasil"
  },
  "Instituto Tomie Ohtake, Sao Paulo, Brazil": {
    "lat": -23.5611298,
    "lon": -46.6941404,
    "display_name": "Instituto Tomie Ohtake, 88, Rua Coropé, Pinheiros, São Paulo, Região Imediata de São Paulo, Região Metropolitana de São Paulo, Região Geográfica Intermediária de São Paulo, São Paulo, 05426-010, Brasil"
  },
  "Centro Cultural Sao Paulo, Sao Paulo, Brazil": {
    "lat": -23.5706417,
    "lon": -46.6401984,
    "display_name": "Centro Cultural São Paulo, 1000, Paraíso, Liberdade, São Paulo, Região Imediata de São Paulo, Região Metropolitana de São Paulo, Região Geográfica Intermediária de São Paulo, São Paulo, 01504-000, Brasil"
  },
  "Hospital das Clinicas Sao Paulo, Brazil": {
    "lat": -21.1623028,
    "lon": -47.8528009,
    "display_name": "Hospital das Clínicas, Rua Tenente Catão Roxo, Cidade Universitária, Ribeirão Preto, Região Imediata de Ribeirão Preto, Região Metropolitana de Ribeirão Preto, Região Geográfica Intermediária de Ribeirão Preto, São Paulo, 14040-900, Brasil"
  },
  "Estacao Tatuape, Sao Paulo, Brazil": {
    "lat": -23.5402887,
    "lon": -46.5765188,
    "display_name": "Estação Tatuapé, Rua Melo Freire, Vila Azevedo, Tatuapé, São Paulo, Região Imediata de São Paulo, Região Metropolitana de São Paulo, Região Geográfica Intermediária de São Paulo, São Paulo, 03307-005, Brasil"
  },
  "Parque Estadual da Cantareira, Sao Paulo, Brazil": {
    "lat": -23.401862,
    "lon": -46.6024918,
    "display_name": "Parque Estadual da Cantareira, São Paulo, Região Imediata de São Paulo, Região Metropolitana de São Paulo, Região Geográfica Intermediária de São Paulo, São Paulo, Brasil"
  },
  "Galeria do Rock, Sao Paulo, Brazil": {
    "lat": -23.5442685,
    "lon": -46.6391134,
    "display_name": "Galeria do Rock, 62, Rua Vinte e Quatro de Maio, República, São Paulo, Região Imediata de São Paulo, Região Metropolitana de São Paulo, Região Geográfica Intermediária de São Paulo, São Paulo, 01041-000, Brasil"
  },
  "Nossa Senhora Achiropita, Sao Paulo, Brazil": {
    "lat": -23.5574191,
    "lon": -46.646786,
    "display_name": "Paróquia Nossa Senhora Achiropita, 478, Rua Treze de Maio, Bixiga, Bela Vista, São Paulo, Região Imediata de São Paulo, Região Metropolitana de São Paulo, Região Geográfica Intermediária de São Paulo, São Paulo, 01327-000, Brasil"
  },
  "Cartorio Se, Sao Paulo, Brazil": {
    "lat": -20.5324892,
    "lon": -47.3982939,
    "display_name": "Cartório, Rua Líbero Badaró, Vila Monteiro, Cidade Nova, Estação, Franca, Região Imediata de Franca, Região Geográfica Intermediária de Ribeirão Preto, São Paulo, 14400-710, Brasil"
  },
  "Moema, Sao Paulo, Brazil": {
    "lat": -23.597085,
    "lon": -46.6628884,
    "display_name": "Moema, São Paulo, Região Imediata de São Paulo, Região Metropolitana de São Paulo, Região Geográfica Intermediária de São Paulo, São Paulo, Brasil"
  },
  "Morumbi, Sao Paulo, Brazil": {
    "lat": -23.5974288,
    "lon": -46.7067746,
    "display_name": "Morumbi, São Paulo, Região Imediata de São Paulo, Região Metropolitana de São Paulo, Região Geográfica Intermediária de São Paulo, São Paulo, Brasil"
  },
  "Perdizes, Sao Paulo, Brazil": {
    "lat": -23.5379295,
    "lon": -46.6806705,
    "display_name": "Perdizes, São Paulo, Região Imediata de São Paulo, Região Metropolitana de São Paulo, Região Geográfica Intermediária de São Paulo, São Paulo, Brasil"
  },
  "Bixiga, Sao Paulo, Brazil": {
    "lat": -23.5577085,
    "lon": -46.6468132,
    "display_name": "Bixiga, Bela Vista, São Paulo, Região Imediata de São Paulo, Região Metropolitana de São Paulo, Região Geográfica Intermediária de São Paulo, São Paulo, 01328-000, Brasil"
  },
  "Bras, Sao Paulo, Brazil": {
    "lat": -23.5453263,
    "lon": -46.6164435,
    "display_name": "Brás, Rua Domingos Paiva, Brás, São Paulo, Região Imediata de São Paulo, Região Metropolitana de São Paulo, Região Geográfica Intermediária de São Paulo, São Paulo, 03043-070, Brasil"
  },
  "Universidade de Sao Paulo, Sao Paulo, Brazil": {
    "lat": -23.5652201,
    "lon": -46.712583,
    "display_name": "Universidade de São Paulo (Portaria 1), Avenida Afrânio Peixoto, Caxingui, Butantã, São Paulo, Região Imediata de São Paulo, Região Metropolitana de São Paulo, Região Geográfica Intermediária de São Paulo, São Paulo, 05507-000, Brasil"
  },
  "Higienopolis, Sao Paulo, Brazil": {
    "lat": -23.5489592,
    "lon": -46.6523049,
    "display_name": "Higienópolis-Mackenzie, Rua da Consolação, Higienópolis, Consolação, São Paulo, Região Imediata de São Paulo, Região Metropolitana de São Paulo, Região Geográfica Intermediária de São Paulo, São Paulo, 01302-000, Brasil"
  },
  "Ipiranga, Sao Paulo, Brazil": {
    "lat": -23.5892726,
    "lon": -46.6061621,
    "display_name": "Ipiranga, São Paulo, Região Imediata de São Paulo, Região Metropolitana de São Paulo, Região Geográfica Intermediária de São Paulo, São Paulo, Brasil"
  },
  "Santana, Sao Paulo, Brazil": {
    "lat": -22.004508,
    "lon": -50.3862746,
    "display_name": "Herculândia, Região Imediata de Tupã, Região Geográfica Intermediária de Marília, São Paulo, Brasil"
  },
  "Santana, Sao Paulo, SP, Brazil": {
    "lat": -22.004508,
    "lon": -50.3862746,
    "display_name": "Herculândia, Região Imediata de Tupã, Região Geográfica Intermediária de Marília, São Paulo, Brasil"
  },
  "Estacao Santana, Sao Paulo, Brazil": {
    "lat": -23.5025422,
    "lon": -46.6249225,
    "display_name": "Santana, 3173, Avenida Cruzeiro do Sul, Santana, São Paulo, Região Imediata de São Paulo, Região Metropolitana de São Paulo, Região Geográfica Intermediária de São Paulo, São Paulo, 02031-200, Brasil"
  }
}
